{"type": "FeatureCollection","features": [ 
    { "type": "Feature", "properties": { "sourcename": "Los Angeles", "targetname": "Funny" }, "geometry": { "type": "LineString", "coordinates": [ [ -96.051373, 39.852253], [ -77.01136443943716, 38.901495235087054] ] } }, 
    { "type": "Feature", "properties": { "sourcename": "Los Angeles", "targetname": "New York" }, "geometry": { "type": "LineString", "coordinates": [ [ -96.051373, 39.852253], [ -73.98196278740681, 40.75192492259464] ] } }, 
    { "type": "Feature", "properties": { "sourcename": "Los Angeles", "targetname": "Moscow" }, "geometry": { "type": "LineString", "coordinates": [ [ -96.051373, 39.852253], [ 37.6135769672714, 55.75410998124818] ] } }, 
    { "type": "Feature", "properties": { "sourcename": "Los Angeles", "targetname": "Mexico City" }, "geometry": { "type": "LineString", "coordinates": [ [ -96.051373, 39.852253], [ -99.1329340602939, 19.444388301415472] ] } }, 
    { "type": "Feature", "properties": { "sourcename": "Los Angeles", "targetname": "Lagos" }, "geometry": { "type": "LineString", "coordinates": [ [ -96.051373, 39.852253], [ 3.389585212598433, 6.445207512093191] ] } }, 
    { "type": "Feature", "properties": { "sourcename": "Los Angeles", "targetname": "Beijing" }, "geometry": { "type": "LineString", "coordinates": [ [ -96.051373, 39.852253], [ 116.38633982565943, 39.93083808990906] ] } }, 
    { "type": "Feature", "properties": { "sourcename": "Los Angeles", "targetname": "Jakarta" }, "geometry": { "type": "LineString", "coordinates": [ [ -96.051373, 39.852253], [ 106.82749176247012, -6.172471846798885] ] } }, 
    { "type": "Feature", "properties": { "sourcename": "Los Angeles", "targetname": "Shanghai" }, "geometry": { "type": "LineString", "coordinates": [ [ -96.051373, 39.852253], [ 121.43455881982015, 31.218398311228327] ] } }, 
    { "type": "Feature", "properties": { "sourcename": "Los Angeles", "targetname": "Tokyo" }, "geometry": { "type": "LineString", "coordinates": [ [ -96.051373, 39.852253], [ 139.74946157054467, 35.686962764371174] ] } }, 
    { "type": "Feature", "properties": { "sourcename": "Los Angeles", "targetname": "Mumbai" }, "geometry": { "type": "LineString", "coordinates": [ [ -96.051373, 39.852253], [ 72.85504343876647, 19.0189362343566] ] } }, 
    { "type": "Feature", "properties": { "sourcename": "Los Angeles", "targetname": "Kolkata" }, "geometry": { "type": "LineString", "coordinates": [ [ -96.051373, 39.852253], [ 88.32272979950551, 22.49691515689642] ] } }, 
    { "type": "Feature", "properties": { "sourcename": "Los Angeles", "targetname": "Rio de Janeiro" }, "geometry": { "type": "LineString", "coordinates": [ [ -96.051373, 39.852253], [ -43.22696665284366, -22.923077315615956] ] } }, 
    { "type": "Feature", "properties": { "sourcename": "Los Angeles", "targetname": "Sao Paulo" }, "geometry": { "type": "LineString", "coordinates": [ [ -96.051373, 39.852253], [ -46.62696583905523, -23.55673372837896] ] } }, 
    { "type": "Feature", "properties": { "sourcename": "Los Angeles", "targetname": "Singapore" }, "geometry": { "type": "LineString", "coordinates": [ [ -96.051373, 39.852253], [ 103.85387481909902, 1.294979325105942] ] } }, 
    { "type": "Feature", "properties": { "sourcename": "Los Angeles", "targetname": "Hong Kong" }, "geometry": { "type": "LineString", "coordinates": [ [ -96.051373, 39.852253], [ 114.18306345846304, 22.30692675357551] ] } }
]}